pc,beta,var_frac,best_tissue,best_corr,corr_B,corr_CD14_M,corr_CD16_M,corr_GC,corr_DSC_A,corr_DSC_B,corr_EVT,corr_proEVT,corr_fEC,corr_LEC,corr_Epi,corr_Ery,corr_FB,corr_vEC,corr_pvSMC,corr_SCT,corr_SCT_A,corr_SCT_B,corr_proSCT,corr_T,corr_VCT,corr_cycling_VCT,corr_aEC,corr_avVCT,corr_cDC,corr_cilated,corr_dNK,corr_eS,corr_eEVT,corr_iEVT,corr_uDSC,corr_pEVT,corr_HB
PC1,0.0459317120605387,0.0284960493448702,uDSC,-0.00411852281458993,-0.000629204189891443,-0.00114525210969517,-0.00140091527277865,-0.00104999915239454,-0.00261459690307051,-0.00321979370910729,-0.00285688977663809,-0.0023156525534054,-0.00260517297125377,-0.00280224392793687,-0.00146991805996056,0.00185858369414725,-0.00232390878292945,-0.00295534500971178,-0.00232802128345788,0.000150673831424865,-0.00025325580998261,0.000865864492680645,-0.00179773757059094,-3.94704256517109e-05,-0.00272338595542021,-0.00278222324121782,-0.00123452487442005,-0.0017558605923648,-0.00292883492107962,-0.00310223116153263,-0.000336364742563225,-0.00397911340498273,-0.00384427857834113,-0.00261919170567073,-0.00411852281458993,-0.00195781862886823,-0.00039647168049908
PC2,0.0934843866625015,0.0282733609794613,T,-0.00313198263327394,-0.000872885694794443,-0.000863720452489834,-0.00114584665737805,-0.000104556409431707,0.00151607031675061,0.00142452176407961,0.000470686626444603,0.000344410208843843,0.000498337319153479,0.00298794550909262,6.82641472368051e-05,-0.000664467270759171,-0.000143537005021032,0.00216650100603759,0.000585733285798612,-0.000862147154292457,-0.00136466633923733,-0.000683187596370936,-0.00134983890693361,-0.00313198263327394,-0.000334362450961335,7.3741888160342e-05,0.00201202697969038,-0.00092190508344332,0.000747322178191944,0.00197482339264167,-0.000499601859566235,0.000626876314407261,-0.00105604345904417,0.000953337689992152,0.00162877180391326,0.00103768607759065,-0.00105067170950009
PC3,0.6,0.0280776754495258,SCT_B,0.833403464067588,0.71091443299298,0.712220856824439,0.753056314487385,0.796423910499615,0.712608222490594,0.670054384076579,0.746315505527103,0.763599218980648,0.770987188116589,0.65982212206577,0.673764145467825,0.609650384406925,0.783123185774448,0.692661222113896,0.768408466766374,0.829012419108196,0.80995279868424,0.833403464067588,0.806290859128702,0.715240536969105,0.793028442202385,0.775485312105228,0.738483686353247,0.795479819591165,0.699363350956499,0.658132284642585,0.692839572954596,0.644387325862414,0.726054312078005,0.735899814460698,0.638949998393415,0.743467259759657,0.748570462907554
PC4,0.0939788568023798,0.0280106815371498,Ery,0.00907089050489021,0.00592222527789039,0.00516836292617289,0.00424684562072887,0.00330311594993973,0.00227099630279188,0.00263692784441999,0.0049217280676111,0.00435066124755177,0.00532145859549806,0.0040930264510636,0.0032580206899871,0.00907089050489021,0.00417876724361048,0.00383901740611132,0.00292839092203466,0.00493835789045322,0.00619907785291187,0.00515503094101904,0.00647865786893017,0.00700660451137134,0.00583612156438449,0.00426615981194674,0.00344302902081516,0.00473779310562288,0.00373046082383406,0.00365142065500683,0.00518968190489773,0.00220093618593875,0.00495723965400635,0.00455524925629092,0.00175258404017296,0.00545176479250431,0.00578637139351642
PC5,0.0727000667863933,0.0279944103730564,HB,-0.00543793952606161,-0.00279142645432728,-0.00306688252259674,-0.00331433275483228,-0.00349468873619582,-0.00341972791680396,-0.00335431615039857,-0.00317079012697554,-0.00340699839439147,-0.00257048868368439,-0.00315987773938676,-0.00334781375201968,0.00508708491992762,-0.00379221690638573,-0.00335028367907425,-0.00390996156255453,-0.00417159836918847,-0.00443385811744213,-0.00318266764565249,-0.00311836465084111,-0.00197787425324584,-0.00317752385827036,-0.00302539936231465,-0.00323100578506458,-0.0034845714050301,-0.0038906433041522,-0.00434407785756236,-0.00335853259899687,-0.00365594263046807,-0.00367193221944659,-0.00270840627491059,-0.00279231551519172,-0.00294257757634567,-0.00543793952606161
PC6,0.040027605592251,0.0276735657751847,eS,-0.0068233345791352,-0.00260892100563864,-0.0012568258427465,-0.00127871211568667,-0.00328773149680282,-0.00542435507788151,-0.00560917397086222,-0.00258251486873277,-0.00391439251949683,-0.00369781956791695,-0.00488254354789579,-0.00267909500539201,-0.00188121462752421,-0.00395894531221839,-0.00457803721564387,-0.00272974366220429,-0.000779247981046713,-0.00062843099882578,-0.000385625463788774,-0.00190649750794261,-0.00246251114837331,-0.00378249894355645,-0.00415959267987139,-0.00337469861795457,-0.00308124879741683,-0.00312282932539913,-0.00515923403326665,-0.00253041740432783,-0.0068233345791352,-0.00441619495052122,-0.00305683989188034,-0.00601344421056566,-0.00489737224618067,9.41931761609214e-05
PC7,-0.5,0.0261647373542378,CD16_M,-0.70668482338832,-0.669962380086302,-0.703228662765345,-0.70668482338832,-0.599648831825737,-0.61334196168375,-0.608073181569066,-0.553150739685078,-0.574496164072746,-0.617937129848274,-0.622242866758081,-0.607659237632158,-0.528087753285457,-0.613043607239923,-0.635375339767071,-0.618846734717458,-0.572417335727538,-0.561224650560889,-0.58591645005997,-0.57419679612064,-0.673517271095605,-0.570953920320053,-0.594663022258137,-0.616826826690195,-0.594356165715268,-0.670095595517684,-0.602756348722298,-0.669848735081818,-0.593711462941899,-0.559002093680944,-0.540722554599484,-0.5958560155393,-0.566770168585301,-0.676455457792818
PC8,0.000512628317936553,0.0261614087203993,Ery,-0.00658694938756984,-0.00184317372447835,-0.00184455982502796,-0.00191645153040869,-0.00277355654353601,-0.0039665273001396,-0.00399597602141983,-0.00185600055840218,-0.00237508629342646,-0.00269457410516148,-0.00402029324245564,-0.00522326037530239,-0.00658694938756984,-0.00246195993391824,-0.00397439150305387,-0.00198587770680556,-0.00267319111582365,-0.00238390580930358,-0.0033087997272073,-0.00173274264427759,-0.00149875880093788,-0.00231186607159152,-0.00227384949850187,-0.0014201012129288,-0.00245728442832041,-0.0025302598070166,-0.00582377984641289,-0.00386274186638272,-0.00399635209756507,-0.00243262217827459,-0.0012932684461164,-0.00424544173866268,-0.00208007013948333,-0.00228958099444793
PC9,0.000991174760780634,0.026062321182078,Ery,-0.0133939274808588,-0.00855478340821495,-0.00931932331433058,-0.0100425821023338,-0.011917153129142,-0.0104508662599143,-0.0105399297131535,-0.0101492358658263,-0.0115542525462323,-0.010579526360734,-0.0103543548073894,-0.0101644797257141,-0.0133939274808588,-0.0105235094456686,-0.0109969499138594,-0.0103156027328889,-0.0110163602300423,-0.0107531847066317,-0.0116884071265025,-0.0105680703332887,-0.0102326384602867,-0.0122105386229203,-0.0119541302711326,-0.0101073093844819,-0.0128465999997931,-0.00975958623692667,-0.0101956676186741,-0.0110767120463276,-0.0100525689752215,-0.0113096903069172,-0.00983556094916683,-0.0086069609502804,-0.010106547888132,-0.00895508881712439
PC10,-0.011449867205446,0.025858668829547,eS,0.00517964611777282,0.00155169830554516,0.00129793593660381,0.00194038272176396,0.00236353410078349,0.00451440523930836,0.00398572904664016,0.00154393660413068,0.00125257400500516,0.00166070949743893,0.00306624772470847,0.00252076331847124,0.00306944692533523,0.00373453101080635,0.00167474264292268,0.00398258306240698,0.000254516825090492,0.00167565450992096,0.000385033543107659,0.00293292873409866,6.96444045762802e-05,0.00402205250170689,0.00403388847857876,0.00210497246309383,0.00346741206754822,0.00280074839635493,0.00249460915156063,0.00142652010512756,0.00517964611777282,0.000463885676407929,0.00203718369990446,0.00491996596831371,0.00246505592527874,0.000980359888985671
PC11,0.0205430261105691,0.0250487309009281,iEVT,-0.00843154693076545,-0.00574420371744069,-0.00511244462969442,-0.00608579753353774,-0.00657301787542072,-0.00698450208275262,-0.00657385908798792,-0.00839581678390781,-0.00810957589355132,-0.00622798676152266,-0.00660291391848103,-0.0051173365783241,-0.00335762446263619,-0.00798218006770922,-0.00654166792933834,-0.00721038541163935,-0.00743950419114344,-0.00747126313570777,-0.00831176366645981,-0.00677825318417132,-0.0056724792510601,-0.00673216759458101,-0.0059697323928018,-0.00762666787644444,-0.00700621727389175,-0.00704748427061366,-0.00384756039006809,-0.0062302638117895,-0.00536891081223852,-0.00760102608913047,-0.00843154693076545,-0.00572655920170187,-0.00821680805832411,-0.00511940341496836
PC12,-0.0673571796760603,0.0235985043558569,LEC,-0.0045506977641067,-0.00134918508059798,-0.000358373332774763,-0.000711198609216941,-0.000855726069020708,-0.00262733454422002,-0.00229260074754899,0.00332812263400977,0.00207052039704748,-0.000120558673118029,-0.0045506977641067,-0.00219384860095748,0.000848550243350096,-0.00058627039018894,-0.00242420185323752,3.32867345207634e-05,0.000413810679529019,0.000450764560698671,0.000170858602215678,0.00155423186724205,-0.00156984038863512,0.000180669770184491,-0.000246399459233268,-0.00248214117378386,0.000573011502819396,-0.00232208548042755,-0.00229241623867927,-0.00113137279312294,-0.00342744923584694,0.0023054143610384,0.00308226574440755,-0.00273437228353346,0.00103204630833709,-0.00113621584760309
PC13,0.0198269432435747,0.0223151561348187,eS,-0.00374937848647752,-0.000980573398785885,-0.00230055100115378,-0.0019498752918191,7.60929951444185e-06,-0.00287180875467084,-0.00310559976435278,-0.00162659382324287,-0.00131399101072718,-1.68578262910033e-05,-0.00211016459566425,-0.00202099528718764,-0.0025745266533581,0.000362549126792167,-0.00187388765771982,0.000661549107553602,0.00069372980595005,0.000125915228996608,0.00127632092766905,-0.000512692067199758,-0.00292975184346458,-0.00114417493609486,-0.00126916493904084,-0.00150129471642176,-0.00134431061076309,-0.00239464435309999,-0.00235711546797214,-0.00325819516712238,-0.00374937848647752,-0.00248617398423404,-0.00187879110666493,-0.00365125836707533,-0.00116989352822689,-0.00117224245807284
PC14,0.0128081301611874,0.0221566163873242,SCT_B,0.00458250768017954,-0.00184087311314331,0.00104406802756785,0.00204476864792096,0.00177317693495652,0.0010402469690312,0.000366398585937708,0.00142418295488277,0.00129289979896279,0.00140646865217352,-0.00106783687711475,-0.000155095061485321,0.00312436018282188,0.00215033405046838,-4.7231796814884e-05,0.00223211261717262,0.00407809820890396,0.00329341280042594,0.00458250768017954,0.00246890284332528,0.0011982847480991,0.00201939592175824,0.00156166162559471,0.00128269435200711,0.00104758322129508,0.000475911515615916,-5.32080075305115e-05,0.000379385657788159,-0.000226170237699676,0.000899483899683401,0.00104041547249132,0.000222871481781455,0.00153330042205163,0.00115242066496013
PC15,-0.104282692206462,0.0221498675018225,SCT_B,0.00528275168254205,0.00268530623964575,0.00260035840658093,0.002322578293098,0.00292078631842105,0.000375298006162048,-0.000349724071761529,0.000533280496192748,0.00154089029357164,0.00157173640099386,-0.000901347000573168,0.00436272603774899,-0.000707461910671475,0.0020709116859031,0.000742826340490856,0.00109632064066889,0.00525549205095207,0.00461573947136916,0.00528275168254205,0.0040374077750692,0.00159080293374866,0.0029040448779054,0.00306163172864888,0.000872196779457506,0.00202045600015292,0.00189316192834521,0.00166490320898116,0.000576956389507038,-0.000273407677266874,0.00306117510874033,0.000215286732285328,-0.000908296617399245,-0.000794763458724802,0.00303525756805512
PC16,-0.065416062861588,0.0200919266080327,aEC,-0.0082270376156931,-0.00511659739417971,-0.00573725909855031,-0.00593634524234638,-0.00624768069186314,-0.00640446681837164,-0.00619588330713031,-0.00724397654837878,-0.00609183065378729,-0.00664503103178495,-0.00480057729676922,-0.0065805162420909,-0.00191875363138377,-0.00629525123493938,-0.00492086564880629,-0.0052380129926329,-0.00704951038938099,-0.00580709553673999,-0.00731631215558754,-0.0052440040929016,-0.00456516426256781,-0.00392488600539275,-0.00458522464034331,-0.0082270376156931,-0.00576438810263898,-0.00506316492656262,-0.00630997931428484,-0.00509153971023525,-0.0045175041608202,-0.00527180191676884,-0.00677322121895402,-0.00572305466500408,-0.00604385275041474,-0.00583542738624642
PC17,-0.00814509645356067,0.0180838925403095,eEVT,0.00513919339872357,0.00268356724258301,0.000427562153460174,0.00209427991317357,0.0016358734316383,-0.000573161346413309,-0.00120436404114806,0.00306015293268022,0.00276008452572226,-3.23878610037096e-05,-0.0028136273554804,-0.000658892850408437,0.000995734364574597,0.000605332250640031,-0.000936257776178771,-0.0014296242672928,0.00415456656623858,0.00449582103681739,0.00326748002938945,0.00301893863309128,0.00226958419987978,0.00224744618009062,0.000879326513727739,-1.76039064857858e-05,0.00207498047614038,0.00105686461341435,-0.00361006195251733,0.00275849982050366,-0.00181261266343051,0.00513919339872357,0.0027554104368677,-0.00255871231591637,0.000682822890859843,0.00145611698842712
PC18,0.0499291560014881,0.0174902146626102,eEVT,-0.00962672181773424,-0.00496947936053498,-0.00532625165712956,-0.00588028236949647,-0.00671072644081088,-0.00612445580470548,-0.00607937316149335,-0.00949392562238294,-0.00947910189041295,-0.00719430862977884,-0.00567025062432524,-0.0094326271273895,-0.00347309188026169,-0.0054976713653978,-0.0068254885031799,-0.00579398480532784,-0.00603400335032643,-0.00733284088772466,-0.00554714655650347,-0.00804917931984497,-0.00580047507894157,-0.00838688434056089,-0.00802667054255231,-0.00621316224883449,-0.00887539285975956,-0.00636390935261783,-0.00729090858301003,-0.00626868598478142,-0.00667835593618851,-0.00962672181773424,-0.00877762062035414,-0.00544853332682561,-0.00876476735680019,-0.00512669876986902
PC19,-0.0462694766172863,0.0173853421102862,Ery,-0.00704937418976691,-0.0021153634269082,-0.00177168957681604,-0.00227803694910255,-0.00265166630292976,-0.00192279948744604,-0.00103180071380577,-0.00160331304475719,-0.00202331362221839,-0.00211555165574393,-0.00148601523757937,-0.0043625767066611,-0.00704937418976691,-0.00274422286493279,-0.00196599290313935,-0.00277499739947567,-0.0033910951388709,-0.00256442970904532,-0.00368215340390996,-0.0037376737670091,-0.00374831642521681,-0.00325555163708874,-0.00336117887661984,-0.00303638467899062,-0.00234944802946885,-0.00337115703858348,-0.00122044353129412,-0.00523032810485299,-0.00268644462448677,-0.000539800081078646,-0.0016531747614225,-0.0015265066114329,-0.000648940828650315,-0.00185749665226514
PC20,-0.0147368613615262,0.016644424078432,SCT_B,0.00414881101417712,-0.000444753049750223,-0.000610505439119763,-0.000841280347087536,0.00126439503464571,0.000533405740128248,2.02764838304811e-05,0.000110211472208822,0.00113159253037692,0.00110273384149542,0.00184562171589916,0.00205826122828616,0.000204059336534242,0.00065570364006537,-0.000860443336410687,0.000960877109461473,0.00351234485558242,0.00217881747119701,0.00414881101417712,0.00236738326163583,0.00298693374367575,0.00197814258375059,0.00110704381066064,7.72180283545867e-05,0.00148769317170079,0.00124282581597578,0.00074376921400159,0.000969580230847641,-0.00104259514122879,-0.00037374175744394,0.000624016105141031,0.000388040654954731,-7.27136648735822e-05,1.37257864088888e-05
PC21,0.0410592816782227,0.0165217142831668,aEC,0.00273482207495409,0.00106913159095657,0.00155071642046748,0.00109573701336817,-0.00041277012058936,0.000434251745068696,0.000254931261901334,0.00148783014185966,0.00159790794567464,0.00239272809031231,0.000925508270084655,0.00271924060907258,0.00239725816206576,0.000862564813476702,0.00172306717501982,0.00175443054911401,0.000905367197105744,0.00146851995725145,0.000278928796965616,0.00102362556938875,0.00224218673580957,0.000189668870560938,0.000255257209944851,0.00273482207495409,0.000583239040668514,0.00212527169960512,0.00102115275129215,0.00140878118509236,0.00028661853369636,0.00147182443361162,0.00161760020648494,0.000469802685812901,0.00135150440594396,0.00242353618993542
PC22,-0.014867057741127,0.0161573906697126,Epi,0.0106275150065354,0.00584945987382586,0.00652348529468318,0.00670047620256319,0.0060798557343394,0.00843544708665871,0.00848460750431327,0.00516773642695621,0.00545830992810131,0.00512610847489681,0.00809579922417035,0.0106275150065354,0.00922252641484073,0.00673019858792883,0.00716703829214723,0.00675878787769518,0.00500083459491857,0.00436114979733342,0.00582708913096264,0.00519371271070612,0.00677026860102938,0.00559713468168658,0.00611133046580209,0.005364982085753,0.00523020293449851,0.00884057962268507,0.00804871099104368,0.00650337898222313,0.00992653012790549,0.00483475727784128,0.00491547891018323,0.00997577582924572,0.00523583902127098,0.0070743029805404
PC23,0.0646372642235611,0.0158486469892634,dNK,-0.00369776116116493,-0.0026987754761792,-0.00144703613814088,-0.000943173070448666,-0.00153488813584184,-0.000581249797896513,0.000272720936418917,-0.00199367353446095,-0.00185406450728906,-0.0014810285490143,-0.00013155479058803,-0.00204615705374384,-0.00192052665924507,-0.00124409134381245,-0.000182988894905211,-0.00226898853461898,-0.00248126097466466,-0.0033827814724235,-0.00184114661685541,-0.00268773265720738,-0.00258151209868144,-0.00327906816760292,-0.00296836614283747,-0.000758687141563454,-0.00307940710041022,-0.00261015429069527,0.000349338181224616,-0.00369776116116493,-0.00147496533097184,-0.00179534011951658,-0.00188453273833522,-0.00109519781755572,-0.000263390368112761,0.000339947408823344
PC24,0.0788951049757881,0.015839630666021,Ery,-0.00277430040047192,-0.00143646324921817,0.00134156179971304,0.000423302398069427,0.000499024770293396,-0.000465233603911557,0.00030058891340424,0.00151857373347546,0.000584797187236434,0.00145982056318058,-0.00118550746062664,-0.00117907222395503,-0.00277430040047192,-0.000214430674223271,0.000354270767552307,-0.000524312402968991,0.000175087532061403,0.000170414209829822,0.00149277346105469,-0.00017310261113081,-0.00122011022238703,-0.000445024972610927,-0.000867539531535344,0.00129934240686795,-0.000437851885724053,-0.00044948781204803,-0.000938824046181733,-0.000338370018039846,-0.00172986675823938,0.000779441379493085,0.0017719266188779,-0.000911194416481131,0.00199561468721145,0.00192302396865452
PC25,0.0367046356289161,0.0155540613485999,uDSC,0.0111927478794196,0.00973132826489077,0.00786748376741659,0.00816576328649757,0.00825436204796793,0.0104461448036335,0.0100699701883789,0.00769036663003801,0.00794437673662825,0.00835450472992416,0.0084682859093359,0.00606045182970811,0.00601194787839917,0.00769929218889101,0.00946235522471413,0.00904473591949847,0.00500435318151349,0.00451848458640242,0.00590921206678815,0.00645797167172257,0.0105935103446668,0.00656429880803442,0.0076453413099095,0.00755820970541642,0.0077158313422838,0.00942330387248519,0.00947092837637273,0.0103380335194976,0.00861572985350149,0.0087658195163352,0.00758590645778643,0.0111927478794196,0.00645284442175851,0.00774549374080697
PC26,0.0122163799129798,0.0151708149146099,dNK,-0.00510499672401774,-0.0030946521717559,-0.00414911978542645,-0.00335267954312117,-0.00209477169587706,-0.00277632263608153,-0.00305825154610259,-0.000608149011650594,-0.00126916360132449,-0.00140412969631954,-0.00304610678921055,-0.0033356678853266,-0.00348775504937312,-0.00186309299054548,-0.00273518936092696,-0.00194770275946636,-0.00137023686921698,-0.000222340749440648,-0.00160130682004599,-0.000844721993458458,-0.00399800454638626,-0.000275369230030701,-0.00169653206093125,-0.00218471570440814,-0.00183916182215125,-0.00383205397441993,-0.00441298705152292,-0.00510499672401774,-0.00159291873027152,-0.00164996479334278,1.25930683989594e-05,-0.00307001162373514,-0.00196800977438005,-0.00395553256440115
PC27,0.00582675622765914,0.0150916492962166,eEVT,0.00578092989410261,0.00132505723146076,-8.15726015496279e-05,0.000432827344752472,0.0001072175197374,-0.00046685365215743,-0.000230886965977916,0.0041004974771225,0.00442828310147558,0.000516260411105601,0.00123214012289326,0.000264879547872081,-0.00232453037118423,0.000167278496705108,0.000177728673187782,0.000733307708651902,0.000735168609342097,0.00109840046292426,0.000379456999868314,0.00137675948782626,0.0013002687169564,0.00259835565201204,0.00244056965307363,0.00137109481745693,0.00315027784904257,9.61115943884729e-05,0.000363578801468231,0.000671158998164062,-0.00157228454966982,0.00578092989410261,0.00485903019619154,-0.000170644449629098,0.00281831547757157,-0.000235368417794204
PC28,0.0942575080774181,0.0150018965889528,dNK,0.00234785737647524,0.000319778664272843,0.00161618247222387,0.00198723949946002,-0.000865733475637766,0.000740723704788672,0.000399542372025852,-0.00130664328583379,-0.000489078656514815,0.000104678530122436,0.000829228377864277,0.000317087833374191,0.00118847797171053,0.00124918542402874,0.000427690059035487,0.00117034963321817,-0.000922189823377175,-0.000702861704632781,-0.000644085849990606,0.000364697446320316,0.00178521082698686,0.000672400037667151,0.000939312366441609,-0.000894079481483204,-0.000809646238266004,0.00174994021138558,-0.000955218587788339,0.00234785737647524,0.000858355129440224,-0.00185258799305056,-0.000808642677816117,0.00137166241525753,-0.000558332548370255,0.00164475156416711
PC29,-0.0617856653119238,0.0146845581309277,B,0.0106822842265156,0.0106822842265156,0.00992235864438326,0.00893760447790908,0.00859892394085761,0.00707291198259573,0.00734479118468087,0.0076681427355427,0.00793698573392069,0.00713970381183304,0.00727502671735076,0.00951945233219332,0.00685510256659118,0.00783025412404181,0.00778999894317502,0.00651515004680702,0.00662228284040946,0.00677316658532945,0.00655109248230547,0.00663995910615107,0.00702007492393412,0.00733032015873283,0.00794977038838834,0.00681989689500438,0.00750769635383935,0.0101692742410217,0.00868348700574395,0.00801417694901574,0.00732069537561669,0.00813860284088001,0.00738865763871708,0.00653864158013851,0.00840758076509559,0.00885843675309827
PC30,-0.0296592430845941,0.0146400926668341,eS,0.00745451281161359,0.0032637078175758,0.00520541574671165,0.00458359837022756,0.00499861625822317,0.00684391313809757,0.00723399419680604,0.00585800896938027,0.00460654479764018,0.00256079184905075,0.00406846424985354,0.00388743498427002,0.000145914323399128,0.00563276493950408,0.00411548645029411,0.00551987856796936,0.00430560688282829,0.00423418921197366,0.00408654800765706,0.00407064629548166,0.00530838545802625,0.00468778781765463,0.00447241773386759,0.00437427769718549,0.00454089607244416,0.00442948169315439,0.00713487660186028,0.00580988096523756,0.00745451281161359,0.00442493237007074,0.00578183168272008,0.00737389694945312,0.00719279645734753,0.00429376319783077
PC31,-0.0294950315343401,0.0139149370094028,pEVT,0.00245289235197272,-0.00114732601545019,-0.000368123529522681,-0.000447565777231704,-0.000752480904093049,-0.00105403519331425,-0.000736250382631582,0.00146172823777543,0.00121220747684441,0.000709121673970465,0.00037731283292164,0.00134042715616114,-0.000821126158790528,-0.000204620979166872,0.00086239373542133,-0.000938023603134448,0.000450516740219543,-0.000251416098130869,0.001384699216993,-0.000240305324283616,0.00164260005180241,0.0023988228860038,0.00220653691490459,0.00170720013490504,0.00226855115255769,0.00178476324024529,0.000629012288910205,0.00113991009196516,-0.00091687348094462,0.0023550959787529,0.00172450038983198,-0.000704116743927211,0.00245289235197272,-0.00181464751417184
PC32,0.0525992238532929,0.0135967118618724,iEVT,-0.00927193045586772,-0.00742850340682198,-0.00881046421226488,-0.00757514272682737,-0.00621754969376056,-0.0070893958040238,-0.00759358467400592,-0.00881964922277351,-0.00854325135018001,-0.00647831730190547,-0.00678432951865422,-0.00629599024571076,-0.00560513613965506,-0.00703286244286538,-0.00736776943162123,-0.00716222452741634,-0.00580704000708733,-0.00552724274058285,-0.00673558808411244,-0.0067481879997304,-0.00807662904326855,-0.00730556729906978,-0.00810166210027904,-0.00709336499693625,-0.00794292794453619,-0.00638190801416605,-0.00727441409885198,-0.00536750482460732,-0.00754690157129286,-0.00868664923693867,-0.00927193045586772,-0.00775366495585549,-0.00894591375285284,-0.00738286917004507
PC33,0.064141044096048,0.0134593386116946,LEC,-0.00368911109716334,-0.00237448709132421,-0.00159542125925717,-0.00140471293784694,-0.00129677281759082,-0.00256925034076316,-0.00182376209049045,-0.00148297870255237,-0.00173457634225727,-0.00165939291669517,-0.00368911109716334,0.00125716605568321,0.000817122390542368,-0.00126043658437398,-0.00299224630587293,-0.000707522569566163,-0.000227190384920927,0.000516439137271753,-0.000151053885928656,-0.000585510594550308,0.000529355251262933,-8.6408973193357e-06,-0.000554766114545055,-0.00309474824550524,-0.00119640563028798,-0.00149540821871066,-0.00191112910079423,-0.000249107568968004,-0.00242454327793302,-0.00225695503526771,-0.0016475894510072,-0.00209305032172193,-0.00232035239045024,-0.00143710825773808
PC34,-0.00502012180604603,0.0130802780633596,pEVT,-0.00435163521853299,-0.0004789621758609,-0.00308670354308012,-0.00331451659285287,-0.00221388195363469,-0.000488795811516436,-0.000387391506240954,-0.00320764392564017,-0.00342992812608337,-0.00391116971863162,-0.00186975358807572,-0.00168435100132711,0.00024179679170558,-0.00185279391641618,-0.00195943626937937,-0.0028618314372498,-0.00054553438099046,0.000314919939586033,-0.00256699262448139,0.00172483147677935,0.00110280732130718,0.000566318194010391,-0.000236532641210302,-0.00237679466299739,-0.00136566326276137,-0.00292830553789107,-0.00156828810266755,0.00169124079476738,0.000220646973718053,-0.00241681890943924,-0.00352202216439071,-0.000409259541585578,-0.00435163521853299,-0.00108078385693267
PC35,-0.00623265633498748,0.0126919601421586,Epi,-0.00379380496843112,-0.00189914206662838,-0.00174178002251543,9.63776639118168e-05,0.00167909948547839,-0.000116498904104532,4.59847326850488e-05,0.0020640904748767,0.00157835004056219,0.000697434434272927,-0.000685195174417583,-0.00379380496843112,-0.000612849651838229,0.00144936715285658,-0.000480368022268056,0.000142644783585071,0.00262887964776835,0.0026885543579118,0.00276345438380074,0.0014614846185315,-0.00132959284515607,0.000598211736130677,-3.62346204426946e-06,0.000661646395600525,0.000782804832810987,-0.00187841150631645,-0.00116248146025165,-0.000435872230683012,-0.000858296742166709,0.000873882511758653,0.00256334509239808,-0.00146777132221379,0.00181740010058148,0.000988138056039493
PC36,0.0575811131891179,0.0123019714210421,Ery,0.0044112327411487,0.000877717725576101,-0.000888722552507315,-0.00145235647960617,0.000686542166537923,0.000171621299888766,0.000403301964838932,0.000130087067739282,-0.000298869849973287,0.000713303245467534,0.000380381626175117,0.00134571702279538,0.0044112327411487,0.00119465378352713,5.47412086044345e-05,0.000953245776036772,0.00194207814816374,0.0024120971530772,0.002760492092332,0.00213851376442999,0.000509346839046247,0.00248887635406272,0.00247356297817485,0.000362648086769513,0.00110324460997313,-0.000762952131289429,0.000275466564778844,-0.0017754458495048,0.000531773993234831,0.000520385258203133,-0.000324769445359283,-3.77488278812969e-05,-0.000833852422489485,0.00017690469663127
PC37,-0.0537657785780641,0.0115425980154277,eEVT,-0.00391917777996715,-0.00359822130022133,-0.00232506973964763,-0.0022722135896284,-0.0018264352186227,-0.00172801832772646,-0.00264177314694221,-0.00145706054754704,-0.00146574909066284,0.000158957543550389,-0.00173143951745984,-0.00224682141089052,0.000944474840820785,-0.00224237268871495,-0.00241041829857284,-0.00168093901323895,-0.000944821552485963,1.16485360050983e-05,-0.0030909356939596,0.000947735667629043,-0.00143233987452274,0.000885822831518587,-8.31623149428563e-07,-6.93612649486634e-05,-0.00101123457073284,-0.00139215473139928,-0.00297240366435717,-0.00360174838435275,-0.00327980107440538,-0.00391917777996715,-0.00154712443273255,-0.00258845701010568,-0.00284657299604714,-0.00223602277831631
PC38,-0.0778512378949026,0.0115054228311805,eEVT,0.00633815228408612,0.00284299178695752,0.000868124153126287,0.00188881324634222,0.00432802608234665,0.00421010792220883,0.00533528910518338,0.00532576116511922,0.00594933269897197,0.00446374508392585,0.00375342553835613,0.00200262470760524,0.00244288842706957,0.00413366570762705,0.00418666982956127,0.00328901607162908,0.00243231937583555,0.00297585059685126,0.00282539966250366,0.00378756125818241,0.000272476180791368,0.00309939346518757,0.0027897980096628,0.00420519814959465,0.0035229689194634,0.00248512601236975,0.00136365762618342,0.00102463159486152,0.0032682869411109,0.00633815228408612,0.00511362300620328,0.00387812749098532,0.00453425937188609,0.00207602602020055
PC39,0.0688084819830608,0.0112300544610487,Ery,0.0116939758135669,0.00586593949502931,0.00811118992112034,0.00897514391743438,0.0110206993298053,0.0101556493770781,0.00987428268038202,0.00824352759945441,0.00973998067912851,0.00900661911657594,0.00759748981276834,0.0061339090805204,0.0116939758135669,0.0112312630672928,0.010131558302026,0.0107382181165677,0.0100840001381517,0.0107966949809719,0.00932168402341394,0.0110795589424152,0.00775908859690331,0.0106347984502955,0.00978575454890882,0.0113768494463226,0.0103119136133481,0.00939373940353152,0.00693054992402102,0.00943097389543096,0.010362137861674,0.00942597509218293,0.0091857723039429,0.00906827816913509,0.00967942702421286,0.00780367859176975
PC40,-0.0140969578868914,0.0112233477998239,proSCT,-0.00466861802534201,-0.00117488683018775,0.00114880379572079,0.00103094777613478,-0.00249198498221023,-0.00286710248774768,-0.00189406473780101,0.000136139609209608,-0.00130515208842271,-0.0015432468313076,-0.00156752795002973,-0.00235975053032529,-0.000477679039512983,-0.00324857627017654,-0.00111944665807471,-0.00218785363547778,-0.00239960152088464,-0.00346684724628534,-0.00112135523503989,-0.00466861802534201,-0.00245246900699674,-0.00427354919652455,-0.0039579890288929,-0.000233294661375852,-0.00268599397557997,-0.000429134787763961,-0.00305175673020886,-0.0024086845302814,-0.0025934000095565,-0.00187229432974204,-3.65226861661968e-05,-0.00274720395808672,-0.00105195193735314,0.000566385052768326
PC41,-0.028430770447613,0.0109946439999783,Ery,0.00540066656586553,-0.000863266663523546,0.000214886924637091,3.53991205901871e-05,0.00206440944473745,-0.000880194996669574,-0.0014262954292834,0.00258235817572712,0.00253110770547429,0.0023064156883447,-0.000936653820777114,-0.000621002843135532,0.00540066656586553,0.00132670739469915,-0.000464724630387574,0.0021049918608337,0.00366804866704582,0.00257583100160262,0.00407129328547425,0.0020391066843104,-0.000798675707658741,0.00268671256687943,0.00233869683335527,0.00174766009729209,0.00192076681473733,-0.00153604705851295,-0.00194737084128509,-0.00113003855988059,-0.000129016648697388,0.00131958676826251,0.00242582283175536,-0.00185114920417999,0.00150651360890467,0.00125456732422839
PC42,0.00595738250893981,0.0108784572894143,iEVT,0.00518435744309613,-0.00187053143654079,6.12591755641801e-05,0.000567833001827689,0.00153595760924077,0.000645400077567443,5.62362728225302e-05,0.00462825783090502,0.00339492321333025,-0.000454231651594387,-0.00211876013859191,-0.000182583958739721,-0.00202131177056068,0.00116964102334196,-0.00210979183947331,0.00129225499251786,0.00281627822892973,0.00365710578291096,0.00243210156420662,0.00258031064254585,-0.00142239375033644,0.00256738264731745,0.00171214801934228,-0.00107992780385789,0.00343096234428666,0.000845245319592066,-0.000757707463512943,-0.00106969797416022,-0.00101279294120625,0.00231287488749454,0.00518435744309613,0.000262199267900969,0.00400987568904445,0.0010556061889617
PC43,-0.0237199274583846,0.0105880100903888,cDC,-0.00581667326712615,-0.00365656971525277,-0.0055554662114277,-0.00532153354731717,-0.00417728477287314,-0.00481079767779647,-0.00544104920777209,-0.0027024488118378,-0.00343386847472873,-0.00375472641312185,-0.00534428439862939,-0.00458886397923288,-0.00459162882607199,-0.00404382188949379,-0.00524858016049801,-0.00478792802197786,-0.00383383115770236,-0.00385934240464379,-0.00417357080057793,-0.00431511826878995,-0.00149745335202435,-0.00360920423677687,-0.00451352256649855,-0.00443288732793894,-0.0032670216269908,-0.00581667326712615,-0.00383596670739949,-0.00292246501195031,-0.00542691091523955,-0.00316263694379866,-0.00266575110233103,-0.00488926781125045,-0.00412256047910742,-0.00558832772334854
PC44,-0.0328245400148931,0.0105041946998697,iEVT,-0.00664648090068268,-0.0037606328312552,-0.00160047260759743,-0.0017553539610412,-0.00281827371576875,-0.00299309198509356,-0.00166279107411889,-0.00615068446944699,-0.00478922342825227,-0.00253318507922549,0.000538474838597482,-0.00124560953089936,0.00119689854071863,-0.00343078453187747,-0.000594137801281677,-0.00378105608758373,-0.00535192555461557,-0.00633793286052639,-0.00458398670884143,-0.00590728922063167,-0.00242971983452175,-0.00424664803447245,-0.00327804107983345,-0.00338662055563438,-0.00354353532995541,-0.00155435728953106,-0.00205052983452751,-0.000179756246450526,-0.000408101350345302,-0.00176455491907792,-0.00664648090068268,-0.00316432936462799,-0.00551638257623094,-0.00329400211507743
PC45,-0.0103747265794258,0.00998394209129959,eS,0.00343746084066602,0.00300429093567818,0.00149827825567249,0.00139167387657154,0.00244323874673728,0.00189794675912515,0.00142950379011935,7.67989528961936e-05,0.000237641205705011,0.000868069439135955,0.00278491530486423,0.00326429708828322,0.0018060599943456,0.00267988184489953,0.000711345276808946,0.00219020483080634,0.00277603858791157,0.00320952427828432,0.00278915608319946,0.00182545757292725,0.00158612646135793,0.00276698345088848,0.00307587126518807,0.00106623849282128,0.000981999227146637,0.00202461541967661,0.00292770992502455,0.000975324910119408,0.00343746084066602,0.000255938877724877,0.000395229555806055,0.00189756272464073,-0.00151943473345202,0.00230996633631797
PC46,-0.0371584257446577,0.00919768415265021,eS,0.00772466450348193,0.00639474309022029,0.00551291717878639,0.00438321946522466,0.00391184684464546,0.00596734211608349,0.0059236500570008,0.000173238852087214,0.00197512413491608,0.00423849492376535,0.00464351135011369,0.00676057080877596,0.00242979207642828,0.00572626944415704,0.00574006136977196,0.00582650649259782,0.00418259295415654,0.00372082037845951,0.00381890124167269,0.00421309923781511,0.0055580942437243,0.00472325005415406,0.00458074882676917,0.00409721686643971,0.00408198940860866,0.0054513463828143,0.00509203087957306,0.00543180063579741,0.00772466450348193,0.00229404374461132,-0.000287408004618012,0.00749952217211282,0.00110039547446398,0.00543744807686587
PC47,-0.00507578459253876,0.00881725503072873,eS,0.00317166547968669,0.00167673402664399,-0.000147717991569625,-0.000347671195278505,0.00215308588704446,0.00265083933744965,0.00259413982685214,0.000553582530507375,0.00107235660626091,0.000553477284115966,0.00223539712325851,0.00287256309124532,-0.0020247700671792,-7.28309399327237e-05,0.00137936513100581,-0.000124142086296174,0.000570651082976927,0.00173036348854122,-3.2192117001509e-07,0.00140176068989668,-0.000692371962440585,0.00128741520540734,0.00148132423530629,0.000273636251589386,0.000409297647176036,-0.000184292734568931,0.00109165935784512,0.00083826745145571,0.00317166547968669,3.60667883597168e-05,0.00119618326603649,0.00309340592308151,0.00187258924858329,-0.00139698819360492
PC48,-0.0250255559134821,0.00858850603655021,pvSMC,0.00542995602610488,0.00512645953521228,0.00285556166367933,0.00268386551240724,0.00506084535864147,0.00397860846158112,0.00336538021513306,0.00327976379254294,0.00442676313583271,0.00453439217119254,0.00542447671925873,0.00417969841701756,0.00493193611787636,0.00434904535757133,0.00383688848995884,0.00542995602610488,0.00473060569662927,0.00439115490173328,0.00531280730895637,0.00378676078064767,0.00446052544248294,0.00477538656634683,0.00518872476942492,0.00317254141261533,0.00529867624105262,0.00426578411290359,0.00197436878859007,0.00519353439451561,0.00398429093215112,0.00308873874132891,0.00373514300396179,0.00328207275825792,0.00345044401342988,0.003787095006747
PC49,0.0509934242925198,0.00812577853358922,T,0.00659051853255869,0.00453719934949998,0.00470489962841551,0.00403222441141372,0.00427853432026909,0.00514439583742492,0.00575571853474534,0.00274982220408253,0.00324889464303379,0.00335874584688433,0.00592137510789592,0.00472228683874769,0.00325037433806559,0.00421725599964435,0.00542540187373442,0.00510507087317952,0.00329396210657212,0.00343775895110357,0.00325218018703568,0.00339538178278988,0.00659051853255869,0.00439320482299601,0.00463389348085407,0.00476990645289331,0.00414221635291542,0.00503640862317925,0.00595889733177902,0.00568063633820958,0.00617590154248299,0.00377343784703829,0.00268721982307343,0.00564521818664938,0.00331315281928585,0.00328807520951925
PC50,-0.0672024219950928,0.00788996860179142,SCT_B,-0.00556018145189666,-0.00235058003048477,-0.00203027318943408,-0.00217744655954207,-0.00286234098284973,-0.00144636829679502,-0.000878477786156729,-0.00042421170762121,-0.00125751113330624,-0.00307231870209249,-0.00207370927038942,0.00131767694257413,-0.00217331080195614,-0.00135867590315506,-0.00206352669370011,-0.00282700482231124,-0.00465741457599663,-0.00347024341287098,-0.00556018145189666,-0.00238116540989358,-0.00391069909013743,-0.00242121748524796,-0.00199875250652166,-0.00378515104632991,-0.00200004005336422,-0.00125933723090492,8.89025809304045e-05,-0.00198804851251664,-0.00116711446138451,-0.00148162894421274,-0.000911329915320498,-0.00163608653414359,0.000951504805715853,-0.00359936271543511
PC51,0.0163400861544381,0.00784566417197351,uDSC,-0.00501223669456058,-0.00427239363580859,-0.0031572257402001,-0.00339937871536133,-0.00401343608834414,-0.00478919494038543,-0.00445413950457377,-0.00374203038607741,-0.00391272496926756,-0.00348209248367953,-0.0039505842397842,-0.00282829907810766,-0.00342438566760149,-0.00291248942814256,-0.00255626718308297,-0.00421714646545116,-0.00220416195730158,-0.00303308537801127,-0.00141388166344966,-0.00221706315223081,-0.00348330742913389,-0.00363165649866604,-0.00351887376686457,-0.00241718711715643,-0.00349247756576507,-0.00255653585973187,-0.00321330032345277,-0.00263914029828385,-0.00469807122679768,-0.00296232901314692,-0.00342653245253839,-0.00501223669456058,-0.00416323829810068,-0.00377015439459697
PC52,-0.0247407725611706,0.00780717249627435,eS,0.00344548650659914,0.000604518981444651,2.71191332384383e-05,0.00121576047698347,9.00189190241401e-05,0.00154877554733439,0.00133688205230192,-0.00149186966711476,-0.000585869354226907,0.00136962589149578,0.00145533769044162,0.0010608334526403,-8.73002203481462e-05,0.00174660700266347,0.00114833855353674,0.0022714614827332,-0.000363415374034932,-0.000566228900928946,0.000808201258944598,-0.00058204386098216,-0.000534216468098474,-0.000547991640066329,0.000707549183476807,0.00121844188917101,0.000873088523763711,-8.12537983213868e-05,0.000703176017091513,-0.000359464868174698,0.00344548650659914,0.000191690591039893,-0.00227932441736878,0.00278830633266379,-0.000641907489683193,0.000382928171097414
PC53,0.0420468344002342,0.00772813115212697,SCT_B,0.00721653411822317,0.0039898250783915,0.00145135905091618,0.00293847769354453,0.00428951358847049,0.000402399566778373,-0.000327581393257578,0.00377802948288434,0.00365411928387386,0.00374869568271192,-0.00159735194531658,0.00413045751535919,0.00241203646407192,0.00229364315377508,0.0011159059313449,0.000411509366628667,0.00647826770816691,0.00649104029111591,0.00721653411822317,0.00613862925316132,0.00464668632422653,0.00496435938874665,0.00467819556629817,0.00267851616604232,0.00476738505848701,0.00256305251643854,0.00305610305363403,0.00391335199595352,0.00111465163600709,0.00488763805676465,0.00363861220897885,-0.00126620245361447,0.0018331628007023,0.00122282423608163
PC54,0.00766671779300223,0.00725190803754782,uDSC,0.00670945775006075,0.00636708032330951,0.00553120136792779,0.00440261024708019,0.0036933338960521,0.00553027784324595,0.00518023898201953,0.00298785561300719,0.00313666012911768,0.00394771157169757,0.00284886232471971,0.00564869409245651,0.0052676515624796,0.00427303822114133,0.00455716219672279,0.0043732181717685,0.00385482528228963,0.00339255607112444,0.00369097724992754,0.00299952608150887,0.00474276399591831,0.00352880822163204,0.00499281338166029,0.00437275483963376,0.00386158231591653,0.00585965749140737,0.00350668153496456,0.00645771224812393,0.00550754829732707,0.00360844389580344,0.00332444165241959,0.00670945775006075,0.00341059067471066,0.00571338906140682
PC55,-0.0198098779986229,0.00715699926198469,uDSC,-0.00536447298370944,-0.00268920309262245,-0.001397511366112,-0.0018075396417495,-0.000410796175733053,-0.00334432334867513,-0.00334053033880878,0.000437344616837212,0.00087572790187847,0.00099898731896101,-0.00240872640866469,-0.000520868292185263,0.00141701852135834,-0.000190748541735608,-0.00084146169261619,-0.00163503336068627,0.000647893627106518,0.00099117069718625,-0.000127998856620993,0.000497271832135035,-0.000285995135941159,0.000953730333197138,9.63823477957142e-05,-0.000522010969070479,-0.00034424928389488,-0.00151899223195985,-0.000891709937963208,-0.00100102334507358,-0.00386691120586511,0.00257099088199779,0.000116728626226012,-0.00536447298370944,-0.000327543675094555,-0.00151922343492294
PC56,0.0398887007659262,0.00704331795854148,Ery,0.00488199180299055,-0.00102642478840293,-0.00406206469609853,-0.00238233408247377,0.000407478721428085,-0.000672983850739409,-0.00136158908618658,0.0017852944969061,0.000200924625811487,0.000535210859797411,1.82981865854892e-06,-0.000140017818980707,0.00488199180299055,0.00146245235676117,-0.000543656243806572,0.000230286850370917,0.00156463986930497,0.00146288800597469,0.00116093760522484,-0.00017127901464721,-0.00304726581478859,-0.000158467947511068,0.000333751138370558,-0.000842267009640316,0.000306437680314657,-0.00382094393594866,-0.000239137119086054,-0.00279593679704352,-0.00157205860782859,0.000218234963317287,0.00215116585896112,-0.000951055922454207,0.00338784408742729,-0.00186073683632678
PC57,0.00517460926842079,0.00692637918744599,Ery,-0.00395322406922841,0.00013805744297562,0.000348021596642918,0.000209611380947647,0.000264566828117451,-0.00183001467603771,-0.0018488170409892,-0.00303223782689167,-0.00173897005003804,-0.000222127056585002,-0.00249524750324169,-0.000857788902537352,-0.00395322406922841,0.000187487560765325,-0.00142341600328636,5.13167086675217e-05,0.00118156928196705,-0.000602428755866119,0.00155543277390828,-0.000753103310232192,0.000303030990378656,-0.00176451013377355,-0.00112407373540881,-0.00122706131948195,-0.00143899545377747,0.000198975788042456,-0.00140867870142252,-2.60603229225705e-05,-0.00145542988169706,-0.00299232209644891,-0.0032206666030328,-0.00280758362929233,-0.00258608516859092,0.000723825786418512
PC58,0.0161298244520206,0.00681477511176682,uDSC,-0.00359810345633391,0.00142847047215028,-0.00187295952713968,-0.00159755041852803,-0.000204929112745209,-0.00173649076460482,-0.00215891730890285,0.00179743741747331,0.000279837168536698,-0.000125564384556213,-0.00301805136663141,-0.00144458525233523,0.00351599857915048,0.000643522686451692,-0.00224330892791952,0.000222542790990474,0.00163765979023293,0.00143301703788878,0.00276459672344785,0.00129356634970094,0.00211511449033403,0.000812707904813702,-0.000472951816419375,2.74830645112461e-05,0.000180083380077711,-0.00164738742228553,-0.00179152040125027,-0.000430006239797571,-0.00273452149306118,5.40812383980197e-05,0.00141137974773138,-0.00359810345633391,0.00074300705559544,-0.00136431256582603
PC59,-0.00809558180594632,0.00616615018824971,eEVT,-0.00682399927778209,-0.00567807012271682,-0.00582072683646567,-0.00622449036055537,-0.00584873292242784,-0.00591541277541358,-0.00586592774304806,-0.00542586740463278,-0.00604096889826776,-0.00545255087191559,-0.00407442931658936,-0.00291885195041356,-0.00161195597365272,-0.00655396242439986,-0.00504025847821727,-0.00495444105377756,-0.00533042204353966,-0.0051334856509438,-0.00525767184630078,-0.00424339450166266,-0.00331489413523714,-0.00526223694608777,-0.00545512193566343,-0.00538785246669846,-0.00601089331779072,-0.00640353771812846,-0.00363618524754195,-0.00316581929553737,-0.00415233169679152,-0.00682399927778209,-0.00530883420948655,-0.00412267975002948,-0.00625126193378665,-0.00559255691317001
PC60,0.0303645640607783,0.00541008558960568,eS,0.00783755006124397,0.00557871271456111,0.00625601007822822,0.00629834639160583,0.00548744809870683,0.00630128622700686,0.00613054949283492,0.00476156621132815,0.00423458075794443,0.00694303382502046,0.00766242014483021,0.00653795187997381,0.00600473700727892,0.00559848752212992,0.00783179163609336,0.00583705916168321,0.00436923295542773,0.00470771532366178,0.00446034953207568,0.00479456387572919,0.00524023745330153,0.00541494933225626,0.0061596389181014,0.0060990111806864,0.00586301148470502,0.00455001764847939,0.00622689783949595,0.00532014586730346,0.00783755006124397,0.00272580678787443,0.0048332129557538,0.00635572489315213,0.00443833451438914,0.00481220714938216
PC61,-0.13235934283864,0.00485098674295997,vEC,0.0020367855967237,-0.00163884220221422,0.0012249034330791,0.0018707478717794,0.000829606344513972,0.000784129755448468,0.00036051529029998,-0.000596743761776881,7.7337310284305e-05,0.00174461157597583,0.00158713731739182,-0.000190627140495119,-0.00111393096591152,0.00118612743460066,0.0020367855967237,0.000661250104374913,0.000809729778907051,0.000696833078004597,0.00159793732739485,0.000980659077830896,0.000469754178771042,0.000828074431791861,0.00149724925094804,0.00136663072658445,0.000953048861323156,0.000962453249711365,0.000529135352783688,0.000518676891969563,0.00114291835053011,-1.40292238737913e-05,-0.000905594413904653,-0.00039940507321353,-0.000930183959362197,0.000917885341446005
PC62,-0.0586481264913871,0.00451782197305621,Ery,-0.00738475750531535,-0.00074721809240245,-1.8692048544524e-05,0.000447426910025113,-0.0027425063538953,-0.00217208080389195,-0.00195118308729917,-0.000253230577692054,-0.00101159113374225,-0.00252143792601035,-0.00363960776137549,-0.00271768333435561,-0.00738475750531535,-0.000931939636285692,-0.00322223676346865,-0.00184683326532345,-0.00146689136458355,-0.00197280901307529,-0.00134391336977492,-0.00409231082216041,-0.000426258335802117,-0.00423530642694661,-0.0036831762461365,-0.00270491621517372,-0.00328134840126447,0.000710609897833516,-0.00298131518434751,-0.00076772387083166,-0.00280722890860402,-0.000786696282785071,-0.000520782186071522,-0.00141047947406288,-0.000235988543258191,0.000642279247451009
PC63,-0.0610615783139132,0.00437965632567615,CD14_M,0.00877499219384473,0.00843848300279707,0.00877499219384473,0.00837459426604033,0.00490171954879098,0.00626146395055864,0.00641357901774997,0.00391866201468628,0.00466128820157066,0.00504208415503705,0.00714366017546953,0.00628315260874781,0.00518294702405943,0.00450853353619882,0.0061554615096165,0.00324597913112116,0.00322877120916195,0.0033158202300924,0.00422010082358537,0.00292000306310172,0.00538815550575297,0.00370362901703093,0.00418931128424947,0.00489506034828642,0.00460292396324279,0.00555827073336634,0.00651818057965514,0.00554862182509947,0.00618912676314352,0.00689398086545442,0.00371941841168206,0.00707718916558914,0.00525081260022968,0.00849234752509691
PC64,0.0788205576732274,0.00433812050720555,iEVT,0.00510862242794749,-0.00158288849611362,0.00182360319701413,0.00201583455937544,0.00268088026294276,0.00161261873839118,0.00182184250781819,0.00460110345158971,0.00415386319320817,0.00150953719323283,0.00161955780003994,0.00101080984407456,-0.00129648364448862,0.00320616739451558,0.000347560720294986,0.000844898875275658,0.00217759361083754,0.0029226952608283,0.00221465325453883,0.00213227493881478,0.000620732630451713,0.00350380886852728,0.00297946807149578,0.000887836797718154,0.00339825757230242,0.00101040971582778,0.000835564175785736,0.000157897913412149,0.0018239552770461,0.00388305150665907,0.00510862242794749,0.00155950076783205,0.00497468415575565,0.00201568081481646
PC65,0.0566945039718922,0.00425613446960734,iEVT,0.00755733159163996,0.000286964984014989,0.00407118927717885,0.0047176869574287,0.00409172965580633,-0.000973298953346974,-0.0014711897027951,0.00652675748198216,0.00574499216275293,0.00379870099955971,-0.000180199811084725,0.00191677288147278,0.000609130990242474,0.00298281699112132,0.000626425439347776,0.00195779567862371,0.00558139106003914,0.00567212638122768,0.0046606861021731,0.00583144767571503,0.00332571278775049,0.00452304907539286,0.0033717695470454,0.00283944832208858,0.00556972851808294,0.00206281843880022,-5.30696694977892e-05,0.00290449987121238,-0.00273990715114871,0.005446980930646,0.00755733159163996,-0.00384324500122735,0.00483430438447825,0.00466701650036643
PC66,0.0141255413437174,0.00412380305687999,Ery,0.0071684566354558,0.00171843097150471,0.000980841505893325,0.00091337782572792,0.00150934570002267,0.000761756813488722,0.00116240409178144,0.00175552359238442,0.00163490918711308,0.000628017280646885,-0.000422282081629569,0.000998989601980506,0.0071684566354558,0.000761454048525588,0.000524063744667728,-0.000249921459150746,0.00155362553236794,0.000341714384319599,0.00193066688625991,0.00145263587172806,0.000188072735008339,0.000544188735023134,0.00127889210044923,-0.000470075021357832,0.00145248791054592,-3.30838718915467e-05,0.00366635130742845,-0.0011584240158369,0.00116996210522865,0.00219334814211452,0.00168164406592662,0.000569723473384315,0.00138915442662501,0.00244094719622791
PC67,0.0780698143929909,0.00346885562969685,uDSC,-0.00698555793357401,-0.00296482501798331,-0.00558622013319557,-0.00437235427911299,-0.00287160526680124,-0.00579264163444126,-0.005695360826871,-0.00400704987161882,-0.00363300024883119,-0.00170710980384149,-0.00303737385254305,-0.00411832994036952,-0.00155067198909446,-0.00317450306178821,-0.00360109394082053,-0.00421297752373892,-0.00195558299666066,-0.00162514303351794,-0.00348678301499455,-0.00299794351998994,-0.000241040100579038,-0.00378643200608972,-0.00314207760811404,-0.00443068007124292,-0.00363212633505451,-0.0052326653217034,-0.00181453471535772,-0.00331755214238141,-0.0048983760423152,-0.0040759704084578,-0.00408516455236712,-0.00698555793357401,-0.00396292099707008,-0.00571606615708907
PC68,-0.035333640205267,0.00321908295072965,pEVT,0.00834248234311334,0.00503049092928995,0.00622898021959723,0.0068297773461952,0.00594975440467773,0.0075533579619725,0.00734242588239064,0.00609503891056698,0.00664161474791894,0.0067140844422461,0.00782741824985811,0.00360743219781971,0.00569219782380019,0.00818717597926043,0.0071573343214582,0.00633388308531896,0.00363602028966034,0.00440025001083655,0.00285123630789234,0.00511384995759864,0.00640800958289347,0.00456325907985849,0.0047762257679558,0.00722836050854097,0.00484010245868829,0.00789363476453713,0.00721783101662091,0.00639495171678036,0.00684545592459857,0.00727362838822771,0.0063683381392705,0.00721658611959481,0.00834248234311334,0.00548846700931443
PC69,-0.00510817303021651,0.00319301172063937,B,-0.00716828597916278,-0.00716828597916278,-0.00587199706648218,-0.00466463783773492,-0.00193147294071199,-0.0037098198219088,-0.00459915723608745,-0.00431277858683508,-0.00437248016017173,-0.00183888096256938,-0.0061103254213688,-0.00396210611568549,-0.00475980865466291,-0.00365002456618034,-0.00457987224967753,-0.0030392036169687,-0.00127224390953408,-0.001784255122741,-0.00143473383172176,-0.0027909109693383,-0.00619701361076529,-0.00310372076075317,-0.00364753805520447,-0.00500265415756425,-0.00380146025986636,-0.00535728941668963,-0.00418321077462404,-0.0056140080968545,-0.00487767015850161,-0.00227305563246909,-0.0043562868019173,-0.00358049899187726,-0.00463052651181721,-0.0065419195181049
PC70,0.097095742915102,0.00313020895273477,CD14_M,-0.00755733639789484,-0.00691211444787827,-0.00755733639789484,-0.00579031426077977,-0.00434532665945318,-0.00563211907752321,-0.00615078761762862,-0.00470936081957333,-0.00474657040639385,-0.00340406461245766,-0.00575889577077001,-0.00594352353413725,-0.00380830836700467,-0.00427682324740053,-0.00710200004988114,-0.00472284521788623,-0.00198171499796528,-0.00216799947227942,-0.000602146955214792,-0.00241895776875131,-0.00443697129378776,-0.00336187396414226,-0.00381670400310374,-0.00532369136720611,-0.00382685612196825,-0.00714136824458023,-0.00649187190349112,-0.00716248487646017,-0.0071447469524663,-0.00464161224026931,-0.00413037840224622,-0.00600861157528199,-0.00432160171123098,-0.00560505791077099
PC71,0.0471030719295858,0.00308326204675181,eEVT,-0.0102148350821714,-0.00577697193791057,-0.00704344459130295,-0.00660782064549877,-0.00866283913927686,-0.00773394354053156,-0.00712501087920976,-0.00906010243079117,-0.00877940582893492,-0.00884625823586031,-0.0074371837980607,-0.00621692481175689,-0.00829736381506924,-0.00798753507035379,-0.00664467201794028,-0.00814362467004336,-0.00868081367883818,-0.00970047912181029,-0.00809615650698453,-0.00829935393043519,-0.00697803122637131,-0.00832677805801176,-0.00842854272139231,-0.00739910392728458,-0.00882699835338973,-0.00527215431643011,-0.00687393539326854,-0.00631815806763169,-0.00645385926374909,-0.0102148350821714,-0.00888578791129412,-0.00672293863094718,-0.00857922305576861,-0.00897532760903447
PC72,0.0176299248161345,0.00261651585791657,CD14_M,-0.00244179807920227,-0.000512955494098416,-0.00244179807920227,-0.00223775035944927,-0.000327249838065267,-0.000443607303861064,-0.000769126979238946,0.00162742731858898,0.000742877352771678,0.000510395959862427,0.00166105881434873,0.000742415622737397,0.00142507329722649,0.00063133780913617,-0.00019513590913911,0.00055628860174706,0.000295237842848002,-0.000579758647429637,0.000169063036980694,0.000153730018513582,-0.000958609443103617,-0.000742408200045743,0.000328390331224159,0.00116941516115577,0.000158408259536055,-0.00056759709750651,-0.000798830189113525,0.000537194825746094,-0.000494906547445469,-0.000216820723597872,0.00176558747627083,-0.000369166474471888,0.000525521032800215,-0.0007862348861335
PC73,0.00955901312884848,0.00255377484013704,Ery,0.00748626829470852,0.00208512714506665,0.000738845384354489,0.00148548854520636,0.00210538723959534,0.00173283879747863,0.000883071561445919,0.00193002899844332,0.00205882763929468,0.00213776918657471,0.00107387296890521,0.000833522850903173,0.00748626829470852,0.00282221504365229,0.00127003105001558,0.00289017729896086,0.00289572096233852,0.00232745943600144,0.00265302607802562,0.00182011951052111,0.00224214858761551,0.00142168379872372,0.00220420537198697,0.000733803323666782,0.00151479116916784,8.06314193798351e-06,0.00183864653805107,0.000746274194228769,0.00183909136053672,0.00151838159250206,0.00179154865332397,0.00152981258756926,0.0020765167058225,0.000129086306051036
PC74,0.0812042756473231,0.00234496729025902,eEVT,-0.0044224632426217,-0.000867645778971189,-0.00189651317996399,-0.00250775702347773,-0.00159702748521309,1.03158815718385e-06,0.000157273113908406,-0.0034353706498101,-0.00273960160893505,-0.00034097361380007,-0.000316646037777514,-0.000802899987446011,0.000727209425782625,-0.00201024199183127,-0.000983258091585521,-0.00159318403093917,-0.00250685408248998,-0.00337028789594339,-0.00184263484355175,-0.00143143859821,-0.00412026046648052,-0.0018511023052522,-0.00221579942891542,-0.0014439198332663,-0.00227126649253628,-0.00209018550351805,-2.49265943757209e-05,-0.00192126453862688,-0.000270470337419378,-0.0044224632426217,-0.00345079690074548,-0.000346630787177603,-0.0026978399820097,-0.00259472894004758
PC75,0.0260637608313641,0.00205547716747356,Ery,0.00512037242058015,0.00220859572552535,0.00129551208394944,0.00208999195604146,0.00279053482379307,0.00224584829666614,0.00233591850711179,0.000846711655154259,0.0014708350085406,0.000400080429904845,0.000592311084289485,0.00288720072769106,0.00512037242058015,0.00107852556200379,0.000600003811493288,0.000763717045963706,0.00279917220753656,0.00179271270120726,0.00283809916628566,0.00176943814779228,0.00168144591349472,0.00185990567308448,0.00249468329761597,0.00141308777923569,0.00199292296311053,0.00135644073599037,0.00319810020300288,0.00144747346897301,0.00210908395453152,0.00113746976451198,0.000731055769122815,0.00164309754689905,0.000645817189727719,0.00259387632415657
PC76,-0.0117075053776381,0.00199345980318644,eS,0.00298125088595392,0.00158141938887193,0.00154752741480551,0.00140446815477883,0.00212117018866809,0.00229991851161824,0.00260807733850257,-0.000853227105053859,5.22927655522793e-05,0.000747161718264539,0.0012549247116371,0.0021754284895055,0.00246443235096285,0.00119448161896793,0.00179771855192545,0.000849169071496588,0.000887503932244301,0.00079279491466003,0.00106215920154795,0.00130951752184313,0.00204169809087496,0.00213473120907044,0.00232470074591874,0.00104837013277283,0.00104130193407425,0.00246625652847192,0.00154341991101336,0.00202447482003237,0.00298125088595392,-0.000768521936145397,-0.00106859244040503,0.00253326881018371,0.000455398821880706,0.00108920738404506
PC77,0.0155937427952604,0.00198726707579852,SCT_B,0.00968795751070654,0.00708237394389999,0.0042778217149993,0.00591856879857362,0.00719193886095708,0.00549731094825832,0.00500857194441613,0.00879982337097709,0.00815409716271388,0.0071216422937381,0.00579325290337343,0.00317281489315161,0.0036804326619248,0.00645320487975434,0.0059791448465825,0.006897761241776,0.00908844918578844,0.00896012070895582,0.00968795751070654,0.00755246184581304,0.00630162356917612,0.00794822854581024,0.00658641419717706,0.00659062938425224,0.00788253922909411,0.00432543867916628,0.00355437434525222,0.00487116868413192,0.00337696902221179,0.00746605219993613,0.00830084328511682,0.00353886723716616,0.00730706567821055,0.004906660409087
PC78,-0.0509721261478468,0.00193513636057273,VCT,0.00480260160032263,0.00351812764859259,0.00168063846449144,0.000858625341017557,0.00201349820182724,0.00110674432504481,0.000640095441474664,0.000993802279746738,0.00191499943681387,0.00185830883974813,2.33501276123173e-06,-0.00171340780769078,0.000366619477963635,0.00156702658728009,0.000350203722652487,0.00064376762506277,0.00294823157953073,0.00273625406472099,0.00387135466667506,0.0039373223895741,0.00188657673889008,0.00480260160032263,0.00291260633214884,0.000197182562794808,0.00306338808384542,0.00296459608226242,0.000444649160514035,-0.000370672871073488,0.000762216945413382,0.00431626732309683,0.000837665742123176,0.000257174229509263,0.00238858595001823,0.00273254369760213
PC79,-0.0806380827801324,0.00177177955283091,HB,0.0118320711714195,0.00981356279615688,0.0107636900941471,0.0101038702810073,0.00922098171075726,0.00902563822370841,0.0086536601668943,0.00578838981508677,0.00687208203526935,0.0095033526241585,0.00921575241103063,0.00803046633095184,0.00271147413108545,0.0088542313986566,0.00999571955797811,0.00907357311749037,0.00823919258028374,0.00732101929190595,0.0087550491872232,0.00823316199122028,0.00955115712788823,0.00605180116592661,0.00686964163655667,0.00897140697534682,0.00726759027311558,0.0112940469354473,0.00901525859617716,0.00952796636744915,0.00742710721707893,0.00731261244871015,0.0055266368084911,0.00766789830404559,0.00718648282237767,0.0118320711714195
PC80,-0.0491950549433342,0.00172679989961575,eEVT,0.00440276383948864,-0.000897278654998769,0.000247578387628553,0.00119218583228521,0.000705318796853108,0.000916080632038016,0.00174166325967153,0.00318227444567667,0.00221635359027754,0.00240842766098942,0.00100014085642657,-0.00270731648947581,0.002065761857986,0.00199796255630098,0.00120519309454386,0.00152922621611983,0.00109542958657114,0.00089429236865055,0.000557879908399719,0.00112050812923918,0.00224630238965854,0.00116625630129665,0.000695227108756383,0.000370372518398344,0.000561888453616972,-0.00100366162351769,-0.0015002885846778,0.00209740954430328,0.000341677316417428,0.00440276383948864,0.0035178113471641,0.000656954158093812,0.00388716734467773,0.000884716413894432
PC81,-0.024843997848577,0.00170432233541149,pEVT,-0.00461501215476926,-0.00127270606314693,-0.00174202381195978,-0.00272177946507761,-0.00215488644861257,-0.00115916272419737,-0.00124455193496646,-0.00355568931854782,-0.0030223029241257,-0.00312272530826462,-0.000184770856376699,-0.000523470824803392,0.000107862185964066,-0.00204034453486871,-0.00170159737555704,-0.00324089121847306,-0.00310912619504045,-0.00308818124611333,-0.00326293444960637,-0.00358732526586161,-0.004602999686994,-0.00230032396135234,-0.00144900300836079,-0.0024230427129068,-0.00273455005959033,-0.000641666425430833,-0.000335820398244028,-0.00357888734555121,-0.000484469544862187,-0.00363056417197953,-0.00335232984916045,-0.00039959989129426,-0.00461501215476926,-0.00256673129680056
PC82,0.00778410948342865,0.00166918684538476,Ery,-0.00420140638853261,-8.82698327381655e-05,-0.000185856679810172,-0.00119441057704988,-0.000562048711521339,0.000738461805584325,0.00108949642419205,0.000557732443625713,0.000480545529326707,-0.000124582176877361,0.00133212666923298,-0.000189995093895189,-0.00420140638853261,0.00046101656627357,0.000544242739650496,0.00112144235713463,-0.000484969242762119,-0.000372361594657189,-0.0014642493601101,-0.000722104242605315,0.000267119849832503,0.000168206936860129,0.000289039887418964,0.00154607546828946,-6.84921266932242e-05,0.000358639962898484,-0.000961486497609872,-0.00063338969629137,0.00117910205926464,0.00127732666415204,0.000452695049285179,0.00135305802869697,0.00106561221854049,0.000314519602660952
PC83,0.0343681795070484,0.00124952368755453,VCT,-0.00320856822345873,-0.000968122338056772,-0.000617838650361328,0.000270170478714095,0.00143214168504562,0.00123625400608539,0.000136490937368721,-0.000137919996215245,1.06922532564885e-05,0.000395966288937116,-0.00114335951062023,-0.00134022253808898,0.00302363021471919,-0.000402256067915871,-0.000372676467748048,0.00101400050288389,-0.000767943694867945,-0.00248286413509455,0.000235118080159273,-0.00238423235980265,0.001567684697033,-0.00320856822345873,-0.00250763534817047,-0.000244277874540943,-0.00147901718538589,-0.000774527668086821,-0.000505938608797197,0.00301037802372427,0.000443735676276631,-0.000973344358009211,-0.000437235887847763,0.0010264343473292,-0.000876722168540415,-0.00212479249188996
PC84,0.0670332982254028,0.00113247643907483,eEVT,0.0106452752456996,0.00725679224065535,0.00761460130647413,0.00794468418985616,0.00786253484076109,0.0047545031218961,0.00465163854861403,0.00958479150624338,0.00958662850050852,0.00827531899400718,0.00456563727935274,0.00602006204114132,-0.000141468955111592,0.00720828000254069,0.00666463203187762,0.00726945998854434,0.00870951356196854,0.0105224116098716,0.00777771555345822,0.00896279890297845,0.0033562582368275,0.00994645383616988,0.00899175071837457,0.00824865798493644,0.00918974878630199,0.00483334833177097,0.0057267132800655,0.00391831831557321,0.00389025703136683,0.0106452752456996,0.00951199221998303,0.00214797374115016,0.00953868552586162,0.00902769203395633
PC85,-0.00486787474910552,0.00112239430306862,EVT,0.00701652705960608,0.00408833114071074,0.00245945420903444,0.00381905738918292,0.00308503178007467,0.00157258889648907,0.00151991929556888,0.00701652705960608,0.00617220383177237,0.00204339305354542,0.0022178287493756,0.00343780522829641,0.00160328404878405,0.00382576784937691,0.00190174852361752,0.00204318936878766,0.00345781703230544,0.00306183858833336,0.004188246193014,0.00372228471921915,0.00379852110813889,0.0029463063989735,0.00292683797640472,0.0041863768185368,0.00384509935543053,0.00133706723408857,0.00156162656048613,0.00331759336815807,0.000241770870797419,0.00634183494279152,0.00680688930628231,-0.000393318973026758,0.00552107365430069,0.00232303408181384
PC86,0.0646281270531269,0.000996081487213556,HB,0.00588041335049488,0.00261923786954433,0.00383855915707299,0.00487512783400485,0.00585598753655439,0.00557906871315756,0.00487137224485773,0.00337283192820518,0.00372644892338338,0.00378347266318807,0.00242064004382926,0.00141727453612524,0.00542425823450025,0.00569011901315771,0.00331032609588253,0.00574841417643255,0.00503331951738064,0.00416451490107844,0.00512326732812472,0.00242067309516559,0.00274749447975763,0.00188452151432433,0.00246310484242782,0.00197030270670529,0.0030493085181108,0.00376754468417372,0.00506634027693348,0.000343614632967493,0.00462377785676222,0.0040026983993976,0.00280917173785269,0.00464256252107872,0.00384547649172688,0.00588041335049488
PC87,-0.000464853345328539,0.000975119648370173,B,-0.00346993935824358,-0.00346993935824358,-0.00106219466641595,-0.000430301557676748,-0.0019429187200668,-0.000965617113652067,-7.22473119108229e-05,0.00239649931361687,0.00141916852717721,-0.00204737731108903,-0.00124469552437359,-0.00219726661977147,0.000774949539548,-0.000840576193312891,-0.000797636758950843,-0.000878807662808869,-0.00230671726498226,-0.0019692380255749,-0.00250162117295205,-0.00165708626252356,-0.00270330601220923,-0.000709468869353581,7.15844587308114e-05,-0.00155459677757461,-0.000504814883075726,6.08343148582227e-05,-0.00239788667851445,-0.00260092488700269,-0.00137960701960377,0.00105903633356833,0.00240892133912218,-0.00110738301805315,0.000840476494905409,-0.00123763531557966
PC88,0.0101440632001045,0.000894288526272555,vEC,-0.00605912242184943,-0.00479177219144308,-0.00469166460738001,-0.00452668345184665,-0.00378069008653476,-0.00552850790248289,-0.00593563903302465,-0.00085691560141294,-0.00169790022834601,-0.00509869989853449,-0.00524158213314257,-0.0034044715965123,-0.00415338625046673,-0.00415350258921709,-0.00605912242184943,-0.0053730535679286,-0.00187085711521366,-0.0011403481829093,-0.00181134318762031,-0.00158161937694648,-0.00493216846687292,-0.00314177676270415,-0.00406309674495813,-0.00430039646831251,-0.00295505588429,-0.0036555325927481,-0.00571733806838219,-0.00494079771120784,-0.00412900424447394,-0.00227159281377417,-0.000265773760460277,-0.0056346812100119,-0.00193875583318205,-0.00365199777901653
PC89,0.0452676552034383,0.000848734341074751,eS,-0.00376627130175152,-0.00105182469756547,-0.000259048215458227,-0.00113009085740567,-0.00132355328181813,-0.00221663749246058,-0.00219456754854112,0.0021183768058088,0.00156489659387088,0.000370221361852854,-0.000977455919642408,-0.000376292687430741,-0.00348200934596564,-0.0020728969155863,-0.000938631431660452,-0.0014877614989591,0.000135928789375801,0.000748655439733781,-0.000387882177323347,-0.000104529479068809,-0.000136655217743515,0.000715088113687548,-0.000153730499675306,0.00161301709920583,0.000475571910493148,-0.00123943809481292,-0.0010029990750745,-0.00101498910913089,-0.00376627130175152,0.00223666518405991,0.0022667089047995,-0.00304017990652932,0.00162118296804515,-0.00073808550477718
PC90,0.0305127389704418,0.000734945751297658,Ery,-0.00661705706725492,-0.00190261990938113,0.00025499239846183,0.00100332526539888,-0.00101549696237902,-0.00126295411553154,-0.00170523517205221,-0.000294020475573373,-0.000701427625835743,-0.0013940765670635,-0.00227350024713209,-0.00451240822009714,-0.00661705706725492,-0.000671129258456208,-0.00223597480493149,-0.00104296675816941,0.000751567030488904,-0.000139339422365225,0.0011064472986868,-0.00101763700185759,-0.00169616321926309,-0.00266433791932652,-0.00302026105810559,-0.00156890140271167,-0.00242431425035748,-0.000623500744934155,-0.00512141619373688,-0.00243016276449096,-0.00163607098066149,-0.00159475928397585,0.000252201504658441,-0.00222635720195743,-0.000508872895522853,2.22303333167437e-05
PC91,0.0341950963795803,0.000674130016192919,T,0.0035073349009041,0.0011114928869986,0.00163989634702294,0.000901858762784211,0.00137516085012821,0.000480586802124918,-0.000305550738452139,0.000596473585535624,0.000417551015977717,0.00315614154451187,0.00124573218139272,0.00173945350670719,0.000186908015903256,0.000895007791966626,0.00190170470857495,0.00113455499414423,0.00193862403333508,0.00163013976687538,0.00122151598100419,0.00177771842040841,0.0035073349009041,0.00183742789853046,0.00116175348123286,0.00251725339491777,0.00109350150373328,0.000547916780549486,0.00111277147970005,0.00153739725436253,0.00106967093542688,-0.00019065654415979,0.000501737831135659,-0.000392258819083323,-0.000548551524916892,0.00160534464949797
PC92,-0.0497277022118016,0.000599741059464384,B,0.00627901732171037,0.00627901732171037,0.00302330483792097,0.00305410347997168,0.00382056058065678,0.00398210287234893,0.00384530938530955,0.00325476394482219,0.00245526854241412,0.00210567485724778,0.00292505764108904,0.00209325206434524,0.00264020115502933,0.00255517009800268,0.00294065847720652,0.00263660837460959,0.0040080071551701,0.00507060763818891,0.0030847019872825,0.00344200565513232,0.00415017248197018,0.00348107475163028,0.0037282810858307,0.00189310666831165,0.00311471197310092,0.00374824358783447,0.00393147069185788,0.00456906950727306,0.00363598664806897,0.00331114246039927,0.00342280443163633,0.00342327499490227,0.00406261588558904,0.0020071675336488
PC93,0.0463783427323501,0.000598499532894329,VCT,0.0053445267662938,0.00497363460015081,0.00290021307978415,0.00131544356841414,0.00383817231637843,0.0029730810749257,0.00277813544274717,0.00175816307558023,0.00175517422896879,0.00405890521329087,0.00404282127068126,0.00489581522694453,0.00436651589661539,0.0014970211575704,0.00416938775638722,0.00173979554051867,0.00260977434195304,0.00326014053952659,0.00336572931309168,0.00523400461347277,0.00208260718350784,0.0053445267662938,0.00458137893080103,0.00373576584696261,0.00314251843349043,0.00373183983100401,0.00485069601743797,0.00351848689857366,0.00373942287998924,0.000401348240866942,0.00131716425032971,0.00269299586757246,0.00258650309595851,0.00281206444877741
PC94,0.0356058953765263,0.000519170194993884,GC,0.00496681443779286,0.00375181992313512,0.00276200921169446,0.00341190051209962,0.00496681443779286,0.0021987461864492,0.00219601802212371,0.00421252004388013,0.00437736466231593,0.00317941344863944,0.00156568452722526,0.00309322534749821,0.00296735120356367,0.00295483707042796,0.00334552790060865,0.00155305833561903,0.00351833549024872,0.00466445016399933,0.00379174145230524,0.00448319014109484,0.00333076226051095,0.00479645595784994,0.0048705367452615,0.00305043542592951,0.00367521574205228,0.00132180711609697,0.00325596354976465,0.00186569687446818,0.00207324318856185,0.00407135422873216,0.004048235363879,0.000987112631865478,0.00375169046715111,0.00316458538523451
PC95,-0.028941305380593,0.000454205183567216,SCT,0.00509665485982925,0.00430750646450929,0.00201390956801401,0.00351111805418098,0.00352457974045035,0.00237663601066065,0.00149188632569661,0.00392254208792079,0.00329941167685742,0.00210406049117131,0.0011005792102377,0.00173416398109523,0.00490705974518204,0.00321811347036516,0.00113255094823913,0.00296220706962637,0.00509665485982925,0.00492382743913995,0.00358338284591173,0.00437039308420937,0.00353903322595452,0.00326407357368558,0.00269130574372393,0.002073875601823,0.00307229012524828,0.00169979009425733,0.00285225087692079,0.0028630729919017,8.30467206990696e-05,0.00296211890383917,0.0040734833497675,0.000670756994719838,0.00331605526621556,0.00219013588950315
PC96,-0.0368718672856661,0.000403912157701364,proSCT,0.00553796389823709,0.00402967644247434,0.00108929537412136,0.00212494669185081,0.0040055391062067,0.00343755429769708,0.00201161908313369,0.00463578644808232,0.00468733535164639,0.00346626344668242,0.0018363190916892,0.00251061380774036,0.00311306937379332,0.00360335226606961,0.00149461908305612,0.00357679062185394,0.00429469801086971,0.00449001674665489,0.00421720074131847,0.00553796389823709,0.00370796989321484,0.00498336903757779,0.00430380657620873,0.00443865833959353,0.00419564783188372,0.00216174406281493,0.00254205221083163,0.00213328826833651,0.00238203644767331,0.00468992410192204,0.00511823607445361,0.00317386719991639,0.00429807152058134,0.00190750680535503
PC97,-0.0784179674332478,0.00037795495322937,uDSC,0.00846252286675875,0.00438184664649204,0.00536869805709106,0.00460371473451468,0.0044963532970298,0.00653454884882699,0.00623780665353634,0.0019807998507435,0.00231692630014764,0.00602697409441568,0.0075537874226871,0.00699276751652864,0.00440499689359088,0.00361002501357662,0.00676143766602106,0.00469748998109831,0.00391965605562787,0.0043570280817893,0.00289431781040001,0.00371655501830951,0.00690999412568142,0.00399114833049971,0.00446627168063258,0.00612385328932277,0.00316029009167506,0.00594363656624281,0.00556693118322425,0.00733429480418861,0.0062572943118987,0.00159000158916331,0.00188540134051157,0.00846252286675875,0.00204111544135479,0.00488605349618523
PC98,0.0689614311436725,0.000372288769477388,B,0.00440655367167371,0.00440655367167371,0.00336523134749265,0.00282713832753881,0.00191300873478369,0.00301231219321975,0.0032913153250658,0.00128065575761732,0.0015500149675694,0.00249998697983391,0.00413247204059238,0.00394829957791883,0.00376814549904236,0.00120346825761418,0.00409889454778291,0.00145581399788324,0.00018162102044441,0.000743830845018268,-0.000657198946478698,0.000805670881640259,0.00157479217760857,0.000761614167609751,0.00164546505529124,0.00297400378205308,0.00152746515437345,0.00303513641555239,0.00430509247805589,0.00402326361289586,0.00294468010249138,0.0030738517112796,0.0011579906591915,0.00290573157640439,0.000920501593002167,0.00204387371336472
PC99,0.034696238582114,0.000320172483277103,Ery,0.00609046649534279,0.000172275068825115,0.00185384869560908,0.000553830817980974,0.00185292725834092,0.00126197048522846,0.00114956265627935,-0.000582719315287377,-0.000347791711918445,-0.00148236401192529,0.000543924228749011,0.00213851515862143,0.00609046649534279,0.00070923402675404,0.00128323623061837,0.000677220962431284,0.000897766225737749,0.000829133315143299,0.00175278534955581,0.000511376279289888,0.00100725127828159,0.00127307686334521,0.00182736821321533,0.00126482129932376,0.000836001014790536,0.00118997410768473,0.0021248435716086,0.00192346284735574,0.0027422658601431,-0.000781732860884926,-0.00108525861709371,0.000887115780026705,-1.01413918158143e-05,0.00162724711025676
PC100,-0.120079595333659,0.000293075781727007,proSCT,-0.00340915625883334,0.000593282351355907,0.00178680491777542,0.00104204539597537,-0.000686591614040103,8.13198214775726e-05,0.000866594658379643,-0.00200561390631493,-0.00155012020088506,-0.000917876775510561,0.00217894667259523,0.000773290085404889,0.00210382555992246,-0.00106093976538467,0.000603003118669042,-0.00110186907925918,-0.0014368775433179,-0.00168301059328647,-0.00167461869062687,-0.00340915625883334,-0.000492170881357897,-0.00267487003426613,-0.000632814863462567,-0.00102718882960699,-0.00160957685188743,-0.000211549988572552,0.00222383317487641,-0.00114519317913527,0.00125785057538575,-0.000615545940942182,-0.00243883170498848,0.000304148652827238,-0.00134099434588178,0.000376820011475368
