pc,beta,pos_contrib,neg_contrib,pos_frac,neg_frac,best_tissue
PC1,0.0459317120605387,1.89281828808875e-05,-3.88605873068477e-05,0.000591682124582057,0.00151053500425055,right renal cortex interstitium
PC2,0.0934843866625015,6.09261721919262e-05,-0.000137364373536116,0.00190451070934924,0.00533943794839891,upper lobe of left lung
PC3,0.6,0.033357001236533,0.00318727420850688,1.04271717393681,-0.123891314922207,placenta
PC4,0.0939788568023798,7.01058703213791e-05,-0.000206278876725134,0.00219146183014282,0.00801818720521223,retina
PC5,0.0727000667863933,4.20800405624369e-05,-9.04584957238902e-05,0.00131539345108622,0.00351617753853934,heart right ventricle
PC6,0.040027605592251,2.31406665680034e-05,-1.86665957755441e-05,0.000723361499905334,0.000725582094437009,right kidney
PC7,-0.5,-0.00382103596465298,-0.0253273554338968,-0.119442985726495,0.984489931814669,CD14-positive monocyte
PC8,0.000512628317936553,1.06006297891198e-07,-6.86295372691341e-08,3.31368478157909e-06,2.66767245569336e-06,liver
PC9,0.000991174760780634,-4.64961343375093e-07,-1.09848136373475e-09,-1.45343753929222e-05,4.26986483332391e-08,chorion
PC10,-0.011449867205446,4.23418379776424e-06,1.39258657442885e-06,0.000132357706024795,-5.41306993256241e-05,natural killer cell
PC11,0.0205430261105691,2.16404261289242e-06,-3.26040006609937e-06,6.76465004031204e-05,0.000126733762122943,skin of body
PC12,-0.0673571796760603,4.56486715491653e-05,-7.20787758382512e-05,0.00142694642885298,0.0028017464869354,upper lobe of left lung
PC13,0.0198269432435747,1.14497857663176e-05,-7.50527086528135e-06,0.000357912516529242,0.000291734509025075,esophagus squamous epithelium
PC14,0.0128081301611874,4.40610633213155e-06,-8.37768893729696e-06,0.000137731887531711,0.000325645937735988,placenta
PC15,-0.104282692206462,0.000119455028101158,-0.000149091443680841,0.00373408294201713,0.00579527640011954,spleen
PC16,-0.065416062861588,3.42528142805173e-05,-7.8105073711525e-05,0.00107071968048635,0.00303599240328615,trophoblast cell
PC17,-0.00814509645356067,3.65484269097303e-06,-1.46023347705704e-06,0.000114247897012432,5.67601761665725e-05,left cardiac atrium
PC18,0.0499291560014881,1.28053771674386e-05,-2.25918668439364e-05,0.000400287381846629,0.000878159802621408,spleen
PC19,-0.0462694766172863,5.63097887299278e-06,-4.49109701771063e-05,0.000176020570173867,0.0017457171192937,placenta
PC20,-0.0147368613615262,3.29985410390402e-06,-9.96623163147534e-06,0.000103151195193714,0.0003873935723344,coronary artery
PC21,0.0410592816782227,1.61139871497406e-05,-1.19999878183644e-05,0.000503712279844553,0.000466446930075745,left renal cortex interstitium
PC22,-0.014867057741127,2.69879928618562e-06,-3.23163239507985e-06,8.43626303443647e-05,0.00012561554500176,left hindlimb
PC23,0.0646372642235611,4.3404191902988e-05,-7.782032020749e-05,0.00135678552149128,0.00302492385890128,lung
PC24,0.0788951049757881,8.43783436954405e-05,-0.000106347327934186,0.00263760964169702,0.00413378624941146,upper lobe of left lung
PC25,0.0367046356289161,2.01972062195189e-05,-9.20547904295024e-06,0.000631350931137376,0.00035782264986049,muscle of back
PC26,0.0122163799129798,8.89277629791655e-07,-3.63136296668109e-06,2.77982139463432e-05,0.000141153318939787,stomach
PC27,0.00582675622765914,-1.11338501163093e-06,-4.30830248037725e-07,-3.48036582964756e-05,1.67466375485337e-05,"common myeloid progenitor, CD34-positive"
PC28,0.0942575080774181,3.71854142706577e-05,-0.000136884962355882,0.00116239076183815,0.00532080294004315,hindlimb muscle
PC29,-0.0617856653119238,4.81491885320337e-05,-3.06445348798576e-05,0.00150511088923925,0.0011911719773943,small intestine
PC30,-0.0296592430845941,5.27287730276615e-07,-2.23278386874305e-05,1.64826558618653e-05,0.000867896865281814,tibial artery
PC31,-0.0294950315343401,3.65933468633647e-06,-1.44142628266886e-05,0.000114388313732673,0.000560291289173179,occipital lobe
PC32,0.0525992238532929,2.81614786565428e-05,-3.17248730582688e-05,0.000880308671346388,0.0012331653889203,right atrium auricular region
PC33,0.064141044096048,5.37513157892414e-05,-6.89001789014443e-05,0.00168022957752446,0.00267819246291775,urinary bladder
PC34,-0.00502012180604603,-4.4930459414827e-07,-5.87241253242371e-07,-1.40449560595995e-05,2.2826429820999e-05,lung
PC35,-0.00623265633498748,2.10371247882716e-06,-8.1080691054286e-07,6.576062144027e-05,3.15165648525188e-05,urinary bladder
PC36,0.0575811131891179,4.00802130129029e-05,-3.66555062410053e-05,0.00125288020188781,0.00142482214276278,upper lobe of left lung
PC37,-0.0537657785780641,3.9147610259283e-05,-4.54464931997726e-05,0.00122372767403423,0.00176653322958385,right forelimb
PC38,-0.0778512378949026,5.41733812858959e-05,-6.47463988188177e-05,0.00169342305792059,0.00251673246836794,omental fat pad
PC39,0.0688084819830608,5.70582526106357e-05,-6.3941038617823e-05,0.00178360217365026,0.00248542762047599,psoas muscle
PC40,-0.0140969578868914,-2.66989156606968e-06,-1.16625156340757e-06,-8.34589946724855e-05,4.53329178063822e-05,tibial nerve
PC41,-0.028430770447613,1.69251913111764e-05,-1.70900027170499e-05,0.00052906997026463,0.000664298949550151,occipital lobe
PC42,0.00595738250893981,2.11241329841328e-06,1.09017907708824e-06,6.60326031434643e-05,-4.23759333290664e-05,trophoblast cell
PC43,-0.0237199274583846,9.21783706959984e-06,-4.08536969378083e-06,0.000288143318125863,0.000158800840528544,transverse colon
PC44,-0.0328245400148931,1.11166760355247e-05,-2.94210158749714e-05,0.000347499732878811,0.00114361303880562,trophoblast cell
PC45,-0.0103747265794258,1.58184215266347e-06,-6.69820226714424e-07,4.9447309946822e-05,2.60363254682177e-05,eye
PC46,-0.0371584257446577,-4.48411266278629e-06,-2.74042615246689e-05,-0.000140170312379098,0.00106522055294194,heart left ventricle
PC47,-0.00507578459253876,-1.74979729216218e-06,-5.76460746996937e-07,-5.46974733882065e-05,2.24073848920408e-05,tibial artery
PC48,-0.0250255559134821,2.07731306126055e-05,-8.28941644849549e-06,0.000649353936002898,0.000322214731635213,tibial artery
PC49,0.0509934242925198,3.15911320479222e-05,-3.31182831373672e-05,0.000987517303995453,0.00128732809838051,skin of body
PC50,-0.0672024219950928,2.76461020627145e-05,-6.98302137268923e-05,0.000864198349509625,0.00271434349038212,"common myeloid progenitor, CD34-positive"
PC51,0.0163400861544381,1.09068609475289e-06,-8.23719114153678e-06,3.40941055914627e-05,0.000320184701732527,upper lobe of left lung
PC52,-0.0247407725611706,6.7415015453902e-06,-1.08170298641904e-05,0.000210734753692461,0.000420464624553009,left forelimb
PC53,0.0420468344002342,2.627986440408e-05,-1.6821534730589e-05,0.000821490689422445,0.000653863433280986,B cell
PC54,0.00766671779300223,1.91758545679078e-06,-8.31840128421455e-07,5.9942417308704e-05,3.2334139008225e-05,"CD4-positive, alpha-beta T cell"
PC55,-0.0198098779986229,4.41156972012799e-06,-1.63663178863702e-05,0.000137902669325055,0.000636168873693212,esophagus squamous epithelium
PC56,0.0398887007659262,2.84892448714646e-05,-3.90192001679666e-05,0.000890554420324593,0.00151670038402087,pancreas
PC57,0.00517460926842079,1.02078048160575e-06,-7.03707371987918e-07,3.19089036644e-05,2.73535397121907e-05,cerebellum
PC58,0.0161298244520206,5.88271113592708e-07,-3.30948007031675e-06,1.8388954952049e-05,0.000128641532167532,occipital lobe
PC59,-0.00809558180594632,-3.80587751854135e-06,1.29236581956561e-06,-0.000118969143009678,-5.02350567513633e-05,placenta
PC60,0.0303645640607783,1.76503538216787e-05,-8.19551517150406e-06,0.000551738057189895,0.000318564731064728,germinal center
PC61,-0.13235934283864,0.000197856802952518,-0.000249074911602,0.00618486910606553,0.00968169548454394,thymus
PC62,-0.0586481264913871,4.2085882786258e-05,-3.39393208449783e-05,0.00131557607502982,0.00131924234062711,CD14-positive monocyte
PC63,-0.0610615783139132,2.79240203923395e-05,-4.08485623161171e-05,0.000872885887492937,0.00158780881937242,cerebellum
PC64,0.0788205576732274,8.14163696801598e-05,-0.000121736840030513,0.00254502034829539,0.00473198607939043,trophoblast cell
PC65,0.0566945039718922,3.95132777825806e-05,-4.33999740303546e-05,0.00123515819213715,0.00168698376683729,placenta
PC66,0.0141255413437174,-1.54908849333781e-06,-2.13337996967005e-06,-4.84234528307113e-05,8.2925795642459e-05,spleen
PC67,0.0780698143929909,3.8384152902925e-05,-6.68045340162233e-05,0.00119986251627025,0.00259673345328906,muscle of leg
PC68,-0.035333640205267,6.89890363933106e-06,-9.75760344755743e-06,0.000215655036106397,0.000379284066109163,heart left ventricle
PC69,-0.00510817303021651,3.82430925421837e-07,-2.08747242717786e-07,1.1954530653228e-05,8.11413411424273e-06,endothelial cell of umbilical vein
PC70,0.097095742915102,0.000107496373909628,-0.000158329079432778,0.00336026354457612,0.00615434900109792,testis
PC71,0.0471030719295858,7.58315556448312e-06,-2.23364603539863e-05,0.000237044285955211,0.000868231994780108,trophoblast cell
PC72,0.0176299248161345,1.00137063451197e-05,-6.71940219392586e-06,0.000313021650440828,0.000261187308915797,dermis blood vessel endothelial cell
PC73,0.00955901312884848,1.03039537675466e-06,-3.80362891470631e-07,3.22094587480624e-05,1.47849402621637e-05,upper lobe of left lung
PC74,0.0812042756473231,8.05971276794016e-05,-8.00243711233796e-05,0.00251941140048429,0.00311059667782481,frontal cortex
PC75,0.0260637608313641,7.35017620810905e-06,-6.80257800610709e-06,0.000229761509714584,0.000264420404051871,occipital lobe
PC76,-0.0117075053776381,-2.18095937172776e-06,-2.94288777587934e-06,-6.81753067799249e-05,0.000114391863508029,upper lobe of left lung
PC77,0.0155937427952604,7.8535297526681e-06,-2.72246708177988e-06,0.000245495999207568,0.000105823975136467,brain
PC78,-0.0509721261478468,2.40064675298645e-05,-4.26580400916384e-05,0.000750425849177678,0.00165814433689191,forelimb muscle
PC79,-0.0806380827801324,6.95097485376639e-05,-7.87124203638702e-05,0.00217282746858166,0.00305960034237461,tibial nerve
PC80,-0.0491950549433342,8.49045577496459e-06,-3.65342028430509e-05,0.000265405873517506,0.00142010700484431,dermis blood vessel endothelial cell
PC81,-0.024843997848577,1.42212025019594e-05,-3.68804240304266e-07,0.000444545118959483,1.43356483600406e-05,adrenal gland
PC82,0.00778410948342865,-1.88166649452796e-06,-4.48244994802614e-06,-5.88196149753692e-05,0.000174235594995792,right atrium auricular region
PC83,0.0343681795070484,1.28075758005818e-05,-1.53399098644473e-05,0.000400356109623486,0.000596271760622949,natural killer cell
PC84,0.0670332982254028,5.67554062858781e-05,-7.9184852545129e-05,0.0017741354034916,0.0030779640727344,trophoblast cell
PC85,-0.00486787474910552,-4.16672783581766e-07,-8.36375276119147e-07,-1.30249078528356e-05,3.2510422997263e-05,left renal cortex interstitium
PC86,0.0646281270531269,5.82636291827923e-05,-3.39372350284374e-05,0.00182128142556912,0.00131916126365129,urinary bladder
PC87,-0.000464853345328539,-4.52296753938977e-08,6.08397682560509e-08,-1.41384889398128e-06,-2.36487932813775e-06,right forelimb
PC88,0.0101440632001045,-3.00726220984124e-06,-2.2201417641676e-06,-9.40049715649603e-05,8.62982801235939e-05,forelimb muscle
PC89,0.0452676552034383,1.6230280886279e-05,-4.02082689149838e-05,0.000507347542962183,0.00156292021983157,femur
PC90,0.0305127389704418,8.83635707414304e-07,-3.80700144593755e-06,2.76218512896654e-05,0.00014798049499133,tibial nerve
PC91,0.0341950963795803,1.04977285479699e-05,-1.00924781831596e-05,0.000328151855338441,0.000392300853688107,right atrium auricular region
PC92,-0.0497277022118016,2.72816489064998e-05,-2.78181232239765e-05,0.000852805791695875,0.00108130761253233,cerebellum
PC93,0.0463783427323501,3.39787298228445e-05,-5.00056709968247e-05,0.00106215198673301,0.00194375128340971,B cell
PC94,0.0356058953765263,2.16883413005643e-05,-1.68859446226049e-05,0.000677962799711548,0.000656367085522315,upper lobe of left lung
PC95,-0.028941305380593,5.95724873928061e-06,-1.20835727822546e-05,0.00018621954431138,0.000469695929191178,left lung
PC96,-0.0368718672856661,3.46711461608995e-05,-1.50256284708941e-05,0.00108379645057689,0.000584055448954828,forelimb muscle
PC97,-0.0784179674332478,4.48095360107501e-05,-9.30523663386803e-05,0.00140071562258351,0.00361700288966435,occipital lobe
PC98,0.0689614311436725,3.35786194587211e-05,-5.71063170104139e-05,0.00104964480884902,0.00221975777481002,brain
PC99,0.034696238582114,1.05207325528618e-05,-2.06990448599292e-05,0.000328870944887288,0.000804584644297588,endothelial cell of umbilical vein
PC100,-0.120079595333659,0.000134651921617136,-0.000186157050766673,0.00420912749854771,0.00723603941573872,CD14-positive monocyte
